INSERT INTO `ciudad` (`idciudad`, `idpais`, `nombre`) VALUES
(7,5, 'Mountain View'),
(8,2, 'Beijing'),
(11,5, 'Ackworth'),
(13,5, 'Far Rockaway'),
(14,2, 'Hebei'),
(15,5, 'Los Angeles'),
(16,2, 'Nanjing'),
(18,5, 'Sunnyvale'),
(20,5, 'Newark'),
(21,5, 'Malden'),
(22,5, 'Trumbull'),
(23,2, 'Guangzhou'),
(25,5, 'Cupertino'),
(26,5, 'Fort Lauderdale'),
(27,5, 'South Amboy'),
(33,5, 'Keller'),
(34,5, 'Long Island City'),
(38,5, 'Brooklyn'),
(39,5, 'Army Post Office'),
(42,5, 'Mesquite'),
(44,5, 'Mc Minnville'),
(45,5, 'Flatwoods'),
(46,3, 'Saint-maur-des-foss?s'),
(47,5, 'Bogart'),
(48,5, 'Cedar Hill'),
(50,1, 'S�o Gon?alo'),
(51,5, 'Levittown'),
(52,5, 'Torrance'),
(53,5, 'Cornelia'),
(54,5, 'Northridge'),
(61,5, 'Des Plaines'),
(64,5, 'Denver'),
(65,2, 'Shenzhen'),
(66,2, 'Wenzhou'),
(67,5, 'Riverton'),
(71,5, 'San Diego'),
(72,2, 'Shenyang'),
(77,4, 'Gurgaon'),
(78,5, 'Glen Burnie'),
(79,5, 'New York'),
(81,5, 'Miami'),
(83,5, 'Chicago'),
(87,2, 'Shanghai'),
(89,5, 'San Jose'),
(90,2, 'Tianjin'),
(93,5, 'Placerville'),
(94,5, 'Redwood City'),
(99,5, 'Evansdale'),
(100,5, 'Borrego Springs'),
(102,5, 'Houston'),
(103,5, 'Dallas'),
(106,2, 'Dongguan'),
(107,5, 'Anderson'),
(108,5, 'Bozeman'),
(112,5, 'Marksville'),
(113,2, 'Xiamen'),
(114,5, 'Billerica'),
(115,5, 'Cypress'),
(116,1, 'Florian�polis'),
(118,1, 'Vit�ria'),
(119,5, 'Jamaica'),
(120,5, 'Calabasas'),
(121,5, 'Memphis'),
(125,5, 'Seattle'),
(128,5, 'Prospect'),
(130,5, 'El Segundo'),
(132,2, 'Nanning'),
(133,5, 'Bellevue'),
(135,5, 'Apollo Beach'),
(136,5, 'Woodside'),
(138,5, 'Elgin'),
(139,5, 'Cherryville'),
(144,2, 'Chongqing'),
(145,2, 'Jinan'),
(146,5, 'Grand Blanc'),
(147,5, '4iana'),
(148,2, 'Wuhan'),
(150,5, 'Morrilton'),
(154,5, 'Sharon'),
(155,5, 'Pompton Lakes'),
(158,5, 'Eau Claire'),
(162,2, 'Hangzhou'),
(165,5, 'Mount Holly'),
(167,2, 'Chaoyang'),
(172,5, 'Tallahassee'),
(174,2, 'Daqing'),
(175,5, 'Winter Garden'),
(176,3, 'Meulan'),
(177,5, 'Tampa'),
(184,1, 'Salvador'),
(187,5, 'Atlanta'),
(188,2, 'Harbin'),
(189,5, 'Chino Hills'),
(190,5, 'Hopkins'),
(192,5, 'Pomona'),
(197,5, 'Paris'),
(198,5, 'Cary'),
(199,5, 'San Bernardino'),
(200,5, 'Southgate'),
(201,4, 'Madras'),
(202,5, 'Viola'),
(203,5, 'Euclid'),
(204,5, 'Benton'),
(205,5, 'Ridgefield Park'),
(208,5, 'Rio Rancho'),
(210,5, 'Hutchinson'),
(212,5, 'Montgomery'),
(213,5, 'Colorado Springs'),
(214,5, 'Moriarty'),
(215,5, 'San Antonio'),
(218,5, 'Vail'),
(219,5, 'West Memphis'),
(220,5, 'Flower Mound'),
(221,5, 'Sandy'),
(223,5, 'Fennville'),
(224,4, 'Agra'),
(226,5, 'Anthony'),
(227,5, 'Kearney'),
(228,5, 'Fort Myers'),
(230,5, 'Kittanning'),
(231,5, 'Hollywood'),
(233,5, 'Ripley'),
(234,5, 'Norwood'),
(235,5, 'Rosl4ale'),
(236,5, 'Corona'),
(237,5, 'State College'),
(238,5, 'Alexandria'),
(240,5, 'Copake'),
(242,5, 'Palm Springs'),
(244,5, 'Richmond'),
(245,5, 'Belton'),
(249,5, 'Jacksonville'),
(250,5, 'Laurel'),
(252,5, 'Lolo'),
(253,5, 'Peoria'),
(256,5, 'Beaumont'),
(257,5, 'Iowa City'),
(258,5, 'Pawtucket'),
(259,5, 'Madison'),
(260,5, 'Toledo'),
(261,5, 'Irving'),
(264,5, 'Garden Grove'),
(266,5, 'Lomita'),
(269,5, 'Woodbridge'),
(270,2, 'Suzhou'),
(272,1, 'S�o Paulo'),
(276,2, 'Lishui'),
(278,4, 'Bangalore'),
(279,5, 'Andes'),
(280,2, 'Zhongxin'),
(281,5, 'Berkeley'),
(283,5, 'Rolla'),
(284,5, 'Bellwood'),
(285,5, 'Shelby'),
(286,5, 'Carbondale'),
(287,5, 'Decatur'),
(288,5, 'Brockton'),
(290,5, 'Baltimore'),
(291,5, 'Kokomo'),
(292,5, 'West Palm Beach'),
(293,5, 'San 3ncisco'),
(294,5, 'Elmont'),
(295,5, 'Humble'),
(296,5, 'Broken Arrow'),
(300,2, 'Taiy�an'),
(301,5, 'Pasadena'),
(303,5, 'Ronks'),
(304,5, 'Louisville'),
(307,5, 'Pharr'),
(311,5, 'Carson'),
(312,5, 'Raleigh'),
(313,5, 'Greenville'),
(314,5, 'Chula Vista'),
(317,5, 'Saint Paul'),
(318,5, 'Fort Mitchell'),
(319,5, 'Akron'),
(321,2, 'Zhongyuan'),
(324,5, 'Palmdale'),
(327,5, 'Stamford'),
(328,5, 'Phoenix'),
(329,5, 'Dover'),
(330,3, 'Viroflay'),
(331,2, 'Chengdu'),
(332,2, 'Putian'),
(334,5, 'New Palestine'),
(335,5, 'Bedford Hills'),
(336,5, 'Caldwell'),
(337,5, 'Dundalk'),
(340,5, 'Minneapolis'),
(341,5, 'Jupiter'),
(344,5, 'Brookings'),
(345,5, 'Frisco'),
(346,5, 'Fresno'),
(347,5, 'Coraopolis'),
(348,5, 'Las Cruces'),
(349,4, 'Mumbai'),
(351,5, 'San Juan Capistrano'),
(354,5, 'Columbus'),
(356,5, 'Sanford'),
(361,5, 'Springtown'),
(362,5, 'Las Vegas'),
(364,5, 'Glendale'),
(365,5, 'Parker'),
(366,2, 'Fuzhou'),
(367,5, 'Hazelwood'),
(368,5, 'Moncks Corner'),
(371,5, 'New Brunswick'),
(373,5, 'Alham1'),
(374,5, 'Bothell'),
(377,5, 'Killeen'),
(378,2, 'Qingdao'),
(379,5, 'Gilbert'),
(381,5, 'Santa Ana'),
(383,5, 'Orange'),
(387,5, 'Barnegat'),
(390,5, 'Jackson'),
(392,5, 'Sioux Falls'),
(393,5, 'Lakeland'),
(396,5, 'East Rochester'),
(398,2, 'Jinhua'),
(399,5, 'Moorpark'),
(400,5, 'Richmond'),
(403,5, 'Bedford'),
(404,4, 'Thana'),
(405,4, 'Thiruvananthapuram'),
(408,5, 'Huntsville'),
(409,5, 'Morehead City'),
(410,5, 'Carter Lake'),
(411,5, 'Tupelo'),
(412,5, 'Lake Mary'),
(413,5, 'Menomonie'),
(415,5, 'Canyon Country'),
(422,5, 'Weare'),
(423,5, 'Salinas'),
(425,5, 'Pittsburgh'),
(426,5, 'Wooster'),
(427,5, 'Amite'),
(428,5, 'Norfolk'),
(432,5, 'Portland'),
(433,5, 'El Cajon'),
(434,5, 'Mount Pleasant'),
(438,5, 'Concord'),
(439,5, 'Honolulu'),
(440,5, 'Tioga'),
(443,5, 'Overland Park'),
(444,5, 'Long Valley'),
(445,5, 'Augusta'),
(446,5, 'Richmond'),
(452,4, 'Durg'),
(453,5, 'Arlington'),
(456,5, 'Williamston'),
(459,5, 'Tempe'),
(460,5, 'Kennewick'),
(463,5, 'Birmingham'),
(465,5, 'Santa Clara'),
(467,5, 'Philadelphia'),
(468,5, 'Farmington'),
(470,5, 'L4ale'),
(476,5, 'Seguin'),
(477,5, 'Coquille'),
(479,2, 'Hefei'),
(480,5, 'Gardnerville'),
(481,5, 'Lorain'),
(483,2, 'Changsha'),
(485,5, 'Salt Lake City'),
(487,5, 'Rochester'),
(488,5, 'Bayside'),
(490,5, 'Ronkonkoma'),
(491,5, 'Quitman'),
(492,5, 'Bronx'),
(493,5, 'W4sor'),
(498,3, 'Paris'),
(500,5, 'Marilla'),
(503,5, 'Fort Wayne'),
(504,5, 'Brownsville'),
(505,5, 'Moulton'),
(506,5, 'Troy'),
(507,5, 'Allegan'),
(508,5, 'Rock Island'),
(510,5, 'Sierra Vista'),
(511,5, 'Valparaiso'),
(512,5, 'Hickory'),
(513,5, 'Williamstown'),
(518,5, 'Washington'),
(523,5, 'Dunedin'),
(527,5, 'Gatlinburg'),
(528,5, 'Woburn'),
(530,5, 'Dover'),
(532,5, 'Sicklerville'),
(533,5, 'Lexington'),
(535,5, 'Grand Rapids'),
(536,5, 'Olney'),
(537,5, 'Walnut Creek'),
(539,5, 'Burbank'),
(540,5, 'Macon'),
(543,5, 'Visalia'),
(544,5, 'San Ramon'),
(547,5, 'Centreville'),
(548,4, 'Calcutta'),
(550,5, 'Scaly Mountain'),
(551,5, 'Knoxville'),
(552,5, 'Revere'),
(554,5, 'Pensacola'),
(556,5, 'Montgomery'),
(563,5, 'Huntington Beach'),
(565,5, 'Rochester'),
(566,5, 'Temple City'),
(567,4, 'Nasik'),
(569,5, '3nklinville'),
(572,5, 'Schenectady'),
(573,5, 'Georgetown'),
(579,5, 'Palatine'),
(580,5, 'West Islip'),
(584,5, 'Dublin'),
(587,5, 'Spring'),
(588,5, 'San Bruno'),
(592,5, 'San Benito'),
(593,5, 'Davidson'),
(595,5, 'Nashville'),
(596,5, 'Suisun City'),
(597,5, '3ziers Bottom'),
(598,5, 'Brighton'),
(599,4, 'Pune'),
(601,4, '4ore'),
(602,5, 'Portsmouth'),
(608,5, 'Elk Grove'),
(610,5, 'Modesto'),
(614,5, 'Grand Prairie'),
(617,5, 'Fort Worth'),
(620,5, 'South San 3ncisco'),
(621,5, 'La Palma'),
(622,2, 'Foshan'),
(625,4, 'Ahmadabad'),
(628,5, 'Waynesville'),
(631,5, 'Lawrence'),
(632,5, 'Kew Gardens'),
(639,5, 'Syracuse'),
(640,5, 'Redmond'),
(642,5, 'New Orleans'),
(645,5, 'Renton'),
(646,5, 'Orlando'),
(647,5, 'Columbia'),
(655,4, 'Lucknow'),
(657,5, 'Round Rock'),
(658,5, 'Littleton'),
(660,5, 'Waukesha'),
(661,5, 'Mckeesport'),
(662,5, 'Lilburn'),
(663,5, 'Rosedale'),
(665,5, 'Dyess'),
(666,5, 'Pinewood'),
(667,3, 'Belfort'),
(669,2, 'Shaoxing'),
(671,5, 'Delano'),
(674,5, 'Citrus Heights'),
(675,5, 'Tinley Park'),
(677,5, 'Riverside'),
(678,5, 'Springerville'),
(681,5, 'Tifton'),
(683,4, 'Bhopal'),
(684,5, 'Annapolis'),
(688,5, 'Loma L4a'),
(690,5, 'Middleton'),
(691,4, 'Jaipur'),
(692,4, 'Tiruchchirappalli'),
(693,5, 'Detroit'),
(694,5, 'Fort Walton Beach'),
(695,5, 'Lenexa'),
(696,2, 'Hulun'),
(702,5, 'Venice'),
(706,5, 'Hialeah'),
(707,5, 'Lorton'),
(711,3, 'Strasbourg'),
(712,5, 'Pahala'),
(715,5, 'Stockton'),
(716,5, 'Carrollton'),
(720,5, 'Brookfield'),
(722,4, 'Visakhapatnam'),
(723,5, 'Pocatello'),
(728,5, 'Kent'),
(729,5, 'Clinton'),
(730,5, 'Moreno Valley'),
(731,5, 'Jacksonville'),
(733,5, 'College Park'),
(735,5, 'Vanceburg'),
(737,5, 'Kansas City'),
(739,5, 'Bristol'),
(742,5, 'Statesboro'),
(743,5, 'Geneva'),
(744,5, 'Fremont'),
(746,5, 'Bakersfield'),
(747,5, 'Greensboro'),
(748,4, 'Rajkot'),
(749,5, 'Derry'),
(751,5, 'Harrisburg'),
(752,4, 'Meerut'),
(753,5, 'Elizabeth'),
(755,5, 'Oakland'),
(758,5, 'Appleton'),
(762,5, 'Chantilly'),
(765,5, 'Lombard'),
(769,5, 'San Juan'),
(770,5, 'Kerrville'),
(771,4, 'Muzaffarnagar'),
(776,2, 'Changchun'),
(778,5, 'Yonkers'),
(780,4, 'Suri'),
(784,4, 'Vijayawada'),
(787,5, 'Council Bluffs'),
(788,5, 'Saint Cloud'),
(794,5, 'Kernville'),
(796,4, 'Ulhasnagar'),
(801,4, 'Madurai'),
(803,5, 'Ewa Beach'),
(805,5, 'Auburn'),
(808,5, 'Englewood'),
(809,5, 'Naples'),
(811,4, 'Vadodara'),
(819,5, 'Walterboro'),
(822,5, 'Ontario'),
(824,5, 'San Mateo'),
(830,4, 'Ranchi'),
(832,5, 'Yukon'),
(834,5, 'Norwalk'),
(839,5, 'Staten Island'),
(848,4, 'Chandigarh'),
(858,3, 'Montrouge'),
(861,5, 'Tulsa'),
(866,5, 'Cerritos'),
(867,5, 'Newalla'),
(868,5, 'Johnson City'),
(869,5, 'Jackson'),
(871,4, 'Ghaziabad'),
(872,4, 'Moradabad'),
(873,3, '�gly'),
(875,5, 'Batavia'),
(877,2, 'Ningbo'),
(878,4, 'Ludhiana'),
(880,5, 'Livingston'),
(887,5, 'Sugar Valley'),
(889,5, 'Washington'),
(890,5, 'Mcconnellsburg'),
(902,5, 'Napa'),
(907,4, 'Surat'),
(910,5, 'Schaumburg'),
(913,5, 'Sacramento'),
(922,5, 'Virginia Beach'),
(923,5, 'Hillsboro'),
(928,5, 'Springdale'),
(930,4, 'Thanjavur'),
(935,4, 'Gandhinagar'),
(936,5, 'Trabuco Canyon'),
(942,5, 'Cypress'),
(944,5, 'Boston'),
(947,3, 'S?te'),
(952,4, 'Kapurthala'),
(953,5, 'Middleton'),
(960,4, 'Silchar'),
(973,5, 'Cocoa'),
(982,5, 'Medford'),
(987,3, 'Bourges'),
(988,2, 'Zhengzhou'),
(992,5, 'Mooresville'),
(994,5, 'Portland'),
(997,5, 'Louisville'),
(1001,5, 'Austin'),
(1009,5, 'Rockford'),
(1013,5, 'Murrieta'),
(1028,5, 'Oak Park'),
(1043,5, 'Belmont'),
(1044,5, 'Keaau'),
(1047,3, 'Tours'),
(1050,5, 'Smyrna'),
(1060,4, 'Faridabad'),
(1063,1, 'Jacare�'),
(1066,5, 'Monterey Park'),
(1068,3, 'Celles-sur-ource'),
(1088,4, 'Haora'),
(1097,5, 'West Hartford'),
(1101,5, 'Hampton'),
(1109,5, 'Cotati'),
(1126,2, 'Langfang'),
(1131,5, 'Claremont'),
(1135,5, 'Irvine'),
(1142,5, 'Lebanon'),
(1149,5, 'Palestine'),
(1151,4, 'Goregaon'),
(1160,3, 'Ch�tillon'),
(1163,5, 'Brewer'),
(1168,5, 'Bolton'),
(1174,4, 'Erode'),
(1206,5, 'Gainesville'),
(1212,5, 'Washington'),
(1214,3, 'Beauvais'),
(1216,4, 'Aurangabad'),
(1217,5, 'Hermosa Beach'),
(1221,4, 'Kolkata'),
(1233,3, 'Levallois'),
(1235,4, 'Coimbatore'),
(1242,3, 'Lyon'),
(1247,5, 'Newport News'),
(1250,5, 'Arlington Heights'),
(1252,5, 'Valley Park'),
(1257,5, 'Henderson'),
(1258,3, 'Coursan'),
(1262,5, 'Kalamazoo'),
(1269,5, 'Riverview'),
(1270,4, 'Nagpur'),
(1277,3, 'Le Perreux'),
(1279,3, 'Nancy'),
(1287,4, 'Selam'),
(1288,1, 'Piracicaba'),
(1291,1, 'Porto Alegre'),
(1293,3, 'Nogent-le-roi'),
(1296,3, 'Mareuil-en-d?le'),
(1297,3, 'Grillon'),
(1300,4, 'Haryana'),
(1312,5, 'Pennsburg'),
(1320,5, 'Northwood'),
(1321,3, 'Massy'),
(1328,5, 'Rossford'),
(1331,5, 'Falls Church'),
(1335,5, 'Texarkana'),
(1341,3, 'La Garenne-colombes'),
(1349,5, 'Rock Hill'),
(1354,5, 'Chattanooga'),
(1361,2, 'Haikou'),
(1364,3, 'Tassin-la-demi-lune'),
(1371,4, 'Jalgaon'),
(1372,3, 'Cuers'),
(1374,1, 'Belo Horizonte'),
(1376,4, 'Kota'),
(1390,4, 'Amritsar'),
(1393,4, 'Kochi'),
(1410,1, 'Bauru'),
(1414,3, 'Villeurbanne'),
(1418,5, 'Circle Pines'),
(1423,3, 'Limoges'),
(1431,5, 'Valley Stream'),
(1432,2, 'Guiyang'),
(1435,5, 'Newburgh'),
(1437,4, 'Kanpur'),
(1441,3, 'Brissay-choigny'),
(1464,5, 'Whittier'),
(1467,5, 'Saratoga'),
(1469,5, 'Gallatin'),
(1474,5, 'Terre Haute'),
(1478,5, 'Inglewood'),
(1479,3, 'Lille'),
(1506,3, 'Martigues'),
(1507,3, 'Fleury-les-au1is'),
(1511,5, 'Springfield'),
(1523,3, 'Aubevoye'),
(1525,3, 'Bondy'),
(1533,4, 'Thalassery'),
(1534,5, 'Kirkland'),
(1541,3, 'Clichy'),
(1545,1, 'Carapicu�ba'),
(1547,5, 'Milpitas'),
(1554,3, 'Saint-�tienne'),
(1562,5, 'Lowell'),
(1566,5, 'Latham'),
(1569,5, 'Cleveland'),
(1575,3, 'Angoul?me'),
(1578,5, 'Bridgewater'),
(1583,5, 'Westlake'),
(1584,4, 'Guwahati'),
(1593,5, 'Pottstown'),
(1598,5, 'Hammond'),
(1599,3, 'Ormesson-sur-marne'),
(1601,5, 'Westminster'),
(1607,3, 'Brie-comte-robert'),
(1611,4, 'Kannur'),
(1613,5, 'Shelton'),
(1618,3, 'Pauvres'),
(1622,5, 'Lancaster'),
(1627,5, 'Dubois'),
(1636,5, 'Winterset'),
(1638,5, 'Pompano Beach'),
(1639,5, 'Lancaster'),
(1641,4, 'Mangaluru'),
(1642,5, 'Ringgold'),
(1645,5, 'Clinton'),
(1647,3, 'Allevard'),
(1659,5, 'Wilmington'),
(1662,3, 'Beausoleil'),
(1667,5, 'Pekin'),
(1671,5, 'Westmont'),
(1677,5, 'Chapel Hill'),
(1678,5, 'Pearland'),
(1685,5, 'Midland'),
(1686,3, 'Brugui?res'),
(1687,5, 'Olive 1nch'),
(1704,5, 'Fairport'),
(1707,5, 'Tuscaloosa'),
(1709,5, 'Charlotte'),
(1710,3, 'La D?fense'),
(1713,5, 'Wheeling'),
(1718,5, 'Bel Air'),
(1720,3, 'Menetou-couture'),
(1725,5, 'Wheeling'),
(1747,5, 'Kings Mountain'),
(1754,5, 'Avon Park'),
(1758,1, 'Joinville'),
(1760,5, 'Raymond'),
(1761,1, 'Altamira'),
(1762,5, 'Lake Luzerne'),
(1763,5, 'Nashua'),
(1764,5, 'Jersey City'),
(1767,5, 'Bremen'),
(1769,3, 'Plaisir'),
(1772,5, 'Wittenberg'),
(1773,3, 'Boulogne-billancourt'),
(1774,5, 'Bartow'),
(1776,5, 'Saint Johnsville'),
(1778,2, 'Taizhou'),
(1783,5, 'Wylie'),
(1785,4, 'Chittoor'),
(1788,5, 'Parsippany'),
(1789,5, 'Hampstead'),
(1790,5, 'Kennett Square'),
(1793,5, 'Wyandanch'),
(1795,5, '1denton'),
(1796,3, 'Aulnay-sous-bois'),
(1801,5, 'Milwaukee'),
(1802,5, 'Evansville'),
(1806,5, 'Hanover'),
(1808,5, 'Hopkins'),
(1810,5, 'Wheat Ridge'),
(1819,5, 'Duluth'),
(1824,5, 'Columbia'),
(1825,5, 'Willington'),
(1827,5, 'Rockville'),
(1833,5, 'Anaheim'),
(1834,5, 'Dublin'),
(1838,5, 'Stockbridge'),
(1843,5, 'Deland'),
(1851,1, 'Rio De Janeiro'),
(1854,5, 'South Shore'),
(1856,4, 'Patna'),
(1858,5, 'Columbus'),
(1861,5, 'Elkhorn'),
(1862,5, 'Ben Wheeler'),
(1863,5, 'Wesley Chapel'),
(1867,1, 'Niter�i'),
(1869,5, 'Savannah'),
(1871,5, 'Archbold'),
(1875,5, 'Bethlehem'),
(1887,5, 'Atmore'),
(1894,5, 'Chesapeake'),
(1897,5, 'Troy'),
(1899,1, 'S�o Leopoldo'),
(1902,5, 'Biddeford'),
(1907,5, 'Buffalo'),
(1908,3, 'Le Recoux'),
(1911,5, 'Bonney Lake'),
(1913,5, 'East Troy'),
(1914,5, 'West Orange'),
(1915,5, 'Frederick'),
(1917,4, 'Dewas'),
(1923,5, 'Galena Park'),
(1925,5, 'Naperville'),
(1926,5, 'Salem'),
(1933,5, 'Galax'),
(1941,5, 'Manteca'),
(1946,5, 'Douglasville'),
(1949,5, 'Warner Robins'),
(1952,5, 'New London'),
(1954,5, 'Mechanicsville'),
(1955,5, 'Griffith'),
(1957,3, 'Livry-gargan'),
(1960,5, 'Kutztown'),
(1967,5, 'Fort Pierce'),
(1974,5, 'Shirley'),
(1976,5, 'Fernley'),
(1992,5, 'Springfield'),
(1996,3, 'Marseille'),
(1997,5, 'La Ha1'),
(1999,5, 'Ocala'),
(2001,5, 'Old Bridge'),
(2003,4, 'Delhi Paharganj'),
(2007,3, 'Lambersart'),
(2009,5, 'Fayetteville'),
(2010,5, 'Laotto'),
(2012,5, 'Durham'),
(2013,5, 'Cedar Park'),
(2021,5, 'Burlington'),
(2022,3, 'Dole'),
(2023,5, 'Wichita'),
(2025,5, 'Lexington'),
(2026,1, 'Irati'),
(2027,5, 'West Chester'),
(2029,5, 'Troy'),
(2035,5, 'Trenton'),
(2036,5, 'Woodstock'),
(2043,3, 'Issy-les-moulineaux'),
(2044,5, 'Woodstock'),
(2045,5, 'Bolingbrook'),
(2049,5, 'Greenville'),
(2051,5, 'Columbia'),
(2058,5, 'North Las Vegas'),
(2062,5, 'Waldorf'),
(2064,5, 'Seneca'),
(2067,3, 'Arras'),
(2070,5, 'Evanston'),
(2074,5, 'Rosenberg'),
(2079,5, 'Worcester'),
(2080,5, 'Gibsonia'),
(2082,5, 'Naugatuck'),
(2093,5, 'Arlington'),
(2094,5, 'Bumpass'),
(2096,5, 'Philadelphia'),
(2097,5, 'Monticello'),
(2102,5, 'Greeneville'),
(2103,3, 'Brive-la-gaillarde'),
(2109,5, 'Colton'),
(2110,5, 'Pembroke'),
(2111,3, 'Saint-martin-d\'heres'),
(2114,5, 'Asbury'),
(2118,5, 'Bellingham'),
(2123,5, 'Graham'),
(2126,3, 'Dunkirk'),
(2131,5, 'Sandston'),
(2133,3, 'Servilly'),
(2134,5, 'South Elgin'),
(2135,5, 'Sorrento'),
(2137,5, 'Marinette'),
(2138,5, 'Batesville'),
(2140,5, 'Elk Grove Village'),
(2141,5, 'Bivins'),
(2144,5, 'Creston'),
(2150,5, 'Lake Charles'),
(2151,5, 'West Covina'),
(2152,5, 'Arvada'),
(2156,5, 'Ventura'),
(2157,5, 'Fountain Valley'),
(2161,5, 'Keithville'),
(2165,5, 'Waipahu'),
(2167,5, 'Seneca'),
(2169,5, 'Lebanon'),
(2172,3, 'Grenoble'),
(2177,5, 'Placentia'),
(2179,1, 'S�o Bernardo Do Campo'),
(2180,5, 'Navarre'),
(2182,5, 'Baltic'),
(2183,5, 'Cartersville'),
(2186,5, 'West Salem'),
(2188,1, 'Ol4a'),
(2189,5, 'Fort Collins'),
(2191,5, 'New Haven'),
(2194,4, 'Yellapur'),
(2198,5, 'Port Orchard'),
(2202,5, 'Milton'),
(2204,5, 'Pasadena'),
(2205,4, 'Tirunelveli'),
(2207,5, 'Redford'),
(2209,5, 'Berwick'),
(2210,5, 'Moline'),
(2216,5, 'Cortlandt Manor'),
(2218,5, 'North Augusta'),
(2220,5, 'Odessa'),
(2221,5, 'Norman'),
(2223,5, 'Oak Harbor'),
(2224,5, 'Edmond'),
(2227,5, 'El Paso'),
(2228,5, '4io'),
(2230,5, 'Mission'),
(2233,5, 'Carrollton'),
(2238,3, 'Aubagne'),
(2240,5, 'Claymont'),
(2241,5, 'Fort 1gg'),
(2245,5, '1ckenridge'),
(2249,5, 'Palm Beach Gardens'),
(2250,5, 'Mancos'),
(2257,1, 'Ribeir�o Pr?to'),
(2266,5, 'Teaneck'),
(2267,5, 'Arab'),
(2274,3, 'Angers'),
(2280,5, 'Monroe'),
(2284,5, 'Onawa'),
(2285,5, 'Sandpoint'),
(2286,5, 'Boron'),
(2287,5, 'Navarre'),
(2288,5, 'Topeka'),
(2290,1, 'Uberl�ndia'),
(2291,3, 'Cressensac'),
(2293,5, 'Morganville'),
(2297,5, 'West Suffield'),
(2302,5, 'Middletown'),
(2304,5, 'Cherry Hill'),
(2311,5, 'L4en'),
(2312,5, 'Kapolei'),
(2316,5, 'Baton Rouge'),
(2321,5, 'Buckfield'),
(2324,5, 'Idabel'),
(2326,5, 'Hoboken'),
(2328,4, 'Alwaye'),
(2330,5, 'Tyler'),
(2332,5, 'South Bend'),
(2335,5, 'Everett'),
(2338,5, 'Boise'),
(2339,5, 'Massapequa'),
(2340,3, 'Colomiers'),
(2343,5, 'Bloomington'),
(2344,5, 'Kennesaw'),
(2346,5, '3nklin Square'),
(2347,5, 'Leeds'),
(2350,5, 'Harrison'),
(2352,5, 'Mill1e'),
(2355,5, 'Absecon'),
(2356,5, 'Saint Albans'),
(2357,5, 'La Vergne'),
(2358,5, 'Crystal Lake'),
(2361,3, 'Le Bourget'),
(2365,5, 'Safety Harbor'),
(2367,5, 'Clover'),
(2372,1, 'Manaus'),
(2374,4, 'Sonipat'),
(2375,5, 'Forsyth'),
(2377,5, 'Easton'),
(2378,5, 'Highland Park'),
(2379,5, 'Citra'),
(2381,3, 'Le Kremlin-bic?tre'),
(2385,5, 'Laramie'),
(2387,5, 'Valley Village'),
(2390,5, 'Barrington'),
(2391,5, 'Chicago Ridge'),
(2393,5, 'Lakewood'),
(2394,5, 'Salem'),
(2395,3, 'Besan?on'),
(2396,5, 'Copper Hill'),
(2398,5, 'Florence'),
(2408,5, 'Spanaway'),
(2411,5, 'Front Royal'),
(2414,5, 'Brookfield'),
(2418,5, 'Long Beach'),
(2425,5, 'Webster'),
(2430,5, 'Waukegan'),
(2431,5, 'Bossier City'),
(2432,5, 'North East'),
(2438,5, 'Adolphus'),
(2439,1, 'Itapecerica Da Serra'),
(2443,5, 'La Center'),
(2444,5, 'Brentwood'),
(2446,5, 'Weslaco'),
(2447,5, 'Stayton'),
(2450,5, 'Bellflower'),
(2452,5, 'Garden City'),
(2456,1, 'S�o Jos?'),
(2457,5, 'Flushing'),
(2459,5, 'Bardstown'),
(2465,5, 'Beaverton'),
(2466,5, 'Sebastian'),
(2469,5, 'Pleasanton'),
(2470,5, 'Valdosta'),
(2471,5, 'Lynchburg'),
(2474,5, 'West Hollywood'),
(2476,5, 'Homer City'),
(2477,5, 'Cincinnati'),
(2478,5, 'Westminster'),
(2479,5, 'Winfield'),
(2480,5, '1inerd'),
(2481,5, 'Monett'),
(2482,5, 'Rosamond'),
(2484,5, 'Randolph'),
(2487,3, 'Villeparisis'),
(2488,5, 'Scottsdale'),
(2494,5, 'Highland'),
(2495,5, 'Ellensburg'),
(2500,5, 'Fairfield'),
(2502,5, 'Spokane'),
(2506,5, 'Diana'),
(2507,5, 'Magnolia'),
(2509,5, 'Fresh Meadows'),
(2516,4, 'Nanded'),
(2518,5, 'Roselle Park'),
(2519,5, 'Sterling Heights'),
(2520,5, 'Rancho Cordova'),
(2521,5, 'Malvern'),
(2526,5, 'Jackson'),
(2527,5, 'Spartanburg'),
(2528,5, 'Mattoon'),
(2529,5, 'Capitol Heights'),
(2533,5, 'Flanders'),
(2534,5, 'Goleta'),
(2538,5, 'Flagstaff'),
(2542,5, 'Millington'),
(2543,5, 'Lubbock'),
(2549,5, 'Milford'),
(2551,5, 'Brooksville'),
(2552,5, 'Goldsboro'),
(2553,5, 'Queens Village'),
(2554,5, 'Rifle'),
(2557,5, 'Asheville'),
(2561,5, 'Little Silver'),
(2565,5, 'Winter Park'),
(2567,5, 'Stanton'),
(2568,5, 'Santa Fe'),
(2569,5, 'Gainesville'),
(2573,5, 'Dumfries'),
(2576,5, 'Roanoke'),
(2580,1, 'S�o Vicente'),
(2582,5, 'Greenwich'),
(2583,5, 'Gary'),
(2585,5, 'East Lansing'),
(2586,5, 'Washington'),
(2587,5, 'Quogue'),
(2589,5, 'Greenville'),
(2591,5, 'Corona'),
(2593,5, 'Jonesboro'),
(2594,5, 'Goose Creek'),
(2595,3, 'Mimet'),
(2597,5, 'Lowell'),
(2599,5, 'Sudbury'),
(2601,5, 'Orchard Park'),
(2603,5, 'Laredo'),
(2604,5, 'Kuna'),
(2606,5, 'Hamilton'),
(2610,5, 'Little River'),
(2613,5, 'Universal City'),
(2617,5, 'Richlands'),
(2619,5, 'Bohemia'),
(2620,5, 'Ossining'),
(2621,3, 'Auvers-sur-oise'),
(2622,5, 'Fontana'),
(2625,5, 'Opa Locka'),
(2627,5, 'Four Oaks'),
(2628,5, 'Bryn Mawr'),
(2629,3, 'Levallois-perret'),
(2630,5, 'Paterson'),
(2634,3, 'Sarcelles'),
(2635,5, '4ianapolis'),
(2638,3, 'Vanves'),
(2642,5, 'Centralia'),
(2643,5, 'Gautier'),
(2645,5, 'Columbus'),
(2646,5, 'Bruce'),
(2647,5, 'King Of Prussia'),
(2650,5, 'Sharon'),
(2651,5, 'Beachwood'),
(2654,3, 'Saint-doulchard'),
(2657,5, 'Deer Park'),
(2658,5, 'Glenview'),
(2662,5, 'L4enhurst'),
(2666,5, 'La Mirada'),
(2667,5, 'Trenton'),
(2668,5, 'Sandia'),
(2669,5, 'Rosendale'),
(2674,5, 'Aurora'),
(2677,5, 'Media'),
(2678,5, 'Tenafly'),
(2680,5, 'Boca Raton'),
(2681,3, 'Rezonville'),
(2682,5, 'Astoria'),
(2684,5, 'Lanham'),
(2685,5, 'Snohomish'),
(2686,5, 'Myrtle Beach'),
(2687,5, 'Ada'),
(2688,5, 'White Plains'),
(2693,5, 'Monteagle'),
(2697,5, 'Hessmer'),
(2699,5, 'Aurora'),
(2702,5, 'Athens'),
(2707,5, 'Rocky Face'),
(2708,5, 'Hemet'),
(2713,3, 'Claye-souilly'),
(2718,5, 'Cleburne'),
(2719,5, '3nklin'),
(2721,3, 'Douai'),
(2723,5, 'Advance'),
(2724,5, 'Dayton'),
(2725,5, 'Ogden'),
(2726,5, 'Ormond Beach'),
(2729,5, 'Mansfield'),
(2730,5, 'Morgan Hill'),
(2731,5, 'Fredericksburg'),
(2732,5, 'Chelsea'),
(2733,5, 'West Springfield'),
(2736,5, 'Montvale'),
(2738,5, 'Myerstown'),
(2740,5, 'Garland'),
(2741,5, 'Fleet Post Office'),
(2742,5, 'Sarasota'),
(2748,5, 'Westland'),
(2750,5, 'Tarboro'),
(2752,3, 'La Courneuve'),
(2755,5, 'West Des Moines'),
(2756,5, 'Alton'),
(2758,5, 'Los Gatos'),
(2759,5, 'Manchester'),
(2764,5, 'Hardinsburg'),
(2765,5, 'Decatur'),
(2766,5, 'Orem'),
(2776,5, 'Medina'),
(2777,5, 'Two Harbors'),
(2778,5, 'Rocky Mount'),
(2782,5, 'La Quinta'),
(2788,5, 'Bloomfield Hills'),
(2789,3, 'Cergy'),
(2794,5, 'Middletown'),
(2795,5, 'Madison'),
(2796,5, 'Perth Amboy'),
(2797,3, 'Savigny-le-temple'),
(2799,5, 'North Brunswick'),
(2800,5, 'Antelope'),
(2801,5, 'Howard'),
(2804,5, 'Sag Harbor'),
(2806,5, 'Olympia'),
(2807,5, 'Camarillo'),
(2811,5, 'Coram'),
(2814,5, 'Hempstead'),
(2815,5, 'Hodgenville'),
(2816,5, 'Somerville'),
(2817,5, 'Olean'),
(2818,5, 'Fremont'),
(2820,5, 'Edinburg'),
(2821,5, 'Elgin'),
(2822,5, 'Burlington'),
(2824,5, 'Dodge City'),
(2826,5, 'Lake Zurich'),
(2827,5, 'Walpole'),
(2828,5, 'Elizabethtown'),
(2829,5, '3nklin'),
(2831,5, 'New Milford'),
(2834,5, 'High Point'),
(2835,5, 'Lexington'),
(2838,3, 'Bezons'),
(2840,5, 'Dalhart'),
(2841,5, 'Charlottesville'),
(2842,5, 'Daytona Beach'),
(2843,5, 'Park Ridge'),
(2846,5, 'Liberty'),
(2848,5, 'Elk River'),
(2850,5, 'Anniston'),
(2851,5, 'Kansas City'),
(2852,5, 'Dunnellon'),
(2858,5, 'Des Moines'),
(2860,5, 'River Forest'),
(2862,3, 'Courbevoie'),
(2864,3, 'Jandun'),
(2865,5, 'Morris Plains'),
(2868,5, 'Clearwater'),
(2869,5, 'Lake Oswego'),
(2871,5, 'Shawnee'),
(2872,5, 'Montara'),
(2874,5, 'San Marcos'),
(2875,5, 'Lancaster'),
(2879,5, 'Tucson'),
(2880,5, 'Kearny'),
(2882,5, 'Silver City'),
(2886,5, 'Ridley Park'),
(2888,5, 'Stony Brook'),
(2889,5, 'Westlake Village'),
(2893,5, 'Marietta'),
(2894,5, 'Brick'),
(2897,5, 'Manhattan'),
(2898,3, 'Toulouse'),
(2901,5, 'Middle Village'),
(2908,1, 'Blumenau'),
(2910,5, 'Brentwood'),
(2911,5, 'Hinesville'),
(2912,5, 'Lady Lake'),
(2917,5, 'Mckinney'),
(2918,5, 'Silver Spring'),
(2920,5, 'Potts Camp'),
(2921,5, 'Dania'),
(2924,1, 'Rio Claro'),
(2925,5, 'Springfield'),
(2926,5, 'North Hollywood'),
(2932,5, 'Painted Post'),
(2934,5, 'Richland'),
(2935,5, 'Albany'),
(2937,5, 'Plano'),
(2939,5, 'Chillicothe'),
(2941,5, 'Church Road'),
(2945,5, 'Henrietta'),
(2948,5, 'Bode'),
(2949,5, 'Urbandale'),
(2951,5, 'Van Nuys'),
(2954,5, 'Skokie'),
(2956,5, 'Baldwin Park'),
(2957,5, 'Avalon'),
(2959,5, 'Cleveland'),
(2961,5, 'Stanwood'),
(2962,5, 'Hampstead'),
(2965,5, 'Sunbury'),
(2967,5, 'Lowell'),
(2970,5, 'Irvington'),
(2971,5, 'Stoughton'),
(2973,5, 'Bismarck'),
(2974,3, 'Torcy'),
(2976,5, 'Muscatine'),
(2978,5, 'Ukiah'),
(2979,5, 'Santa Cruz'),
(2981,5, 'Grovetown'),
(2983,5, 'Pickens'),
(2985,5, 'Leesville'),
(2986,5, 'Largo'),
(2988,5, 'Sherwood'),
(2992,5, 'Uvalde'),
(2995,5, 'Rockland'),
(2996,5, 'Exeter'),
(2999,5, '3nklin'),
(3003,5, 'Radford'),
(3004,5, 'Union City'),
(3005,5, 'Scranton'),
(3007,3, 'Rumilly'),
(3009,5, 'Fairfax Station'),
(3010,5, 'Tacoma'),
(3012,5, 'Conway'),
(3014,5, 'Sugar Land'),
(3016,5, 'Davenport'),
(3018,5, 'Lynn'),
(3019,5, 'Poquoson'),
(3022,5, 'Dearborn'),
(3025,5, 'Harker Heights'),
(3027,5, 'New Port Richey'),
(3028,5, 'Benicia'),
(3029,3, 'Clermont-ferrand'),
(3030,5, 'Longview'),
(3031,5, 'Rowland Heights'),
(3032,5, 'Costa Mesa'),
(3036,5, 'Oakland'),
(3037,5, 'Walnut'),
(3039,5, 'Odenton');
